id,speaker,text
0,obama,"During the recession, Marvin’s competitors closed dozens of plants, let hundreds of workers go"
1,obama,And we will rise or fall on that journey as one nation and as one people
2,obama,My -- My differences with him -- My differences with him are not personal
3,obama,"That's why we've excluded lobbyists from policymaking jobs, or seats on federal boards and commissions"
4,obama,I recognize that many still have a strong desire to focus on the past
5,obama,It's been used by many past Presidents -- Republican and Democrat -- for many decades
6,obama,Al Qaeda has said it seeks a bomb and that it would have no problem with using it
7,obama,I am honored -- I'm honored and grateful to be with all of you
8,obama,It was bought with days in jail cells and nights of bomb threats
9,obama,"A hundred and fifty years ago, we were torn open by a terrible conflict"
10,obama,"They chose to take responsibility for their lives, for their education, and set goals for themselves"
11,obama,"Despite all that, thousands of people are signing up and saving money as we speak"
12,obama,I happen to mention that Kamala Harris is the best-looking attorney general in the country
13,obama,"We're pursuing the goal of two states, Israel and Palestine, living in peace and security"
14,obama,"And to do that, we must confront the common enemies of humanity: nuclear weapons and poverty, ignorance and disease"
15,obama,"They’re realizing, we want to be here with American workers making American products"
16,obama,"That is why we are renewing our diplomacy, while relieving the burden on our military"
17,obama,"And Ashley said that when she was 9 years old, her mother got cancer"
18,obama,The peace of the region will also be advanced if Iran forgoes any nuclear weapons ambitions
19,obama,He was one of the liberators -- someone who at a very tender age had seen the unimaginable
20,obama,"5,6 Now, the memory of Selma still lives on in the spirit of the Voting Rights Act"
21,obama,[Cross talk from the Floor]Senate President: Is there objection? Seeing no objection --Senator Obama: Thank you
22,obama,That also means an economic recovery plan that is free from earmarks and pet projects
23,obama,"On Sunday, a car bomb went off in central Baghdad, and more than 30 people died"
24,obama,"Today, it is violence within Muslim communities that has become the source of so much human misery"
25,obama,So the only way for America’s energy supply to be truly secure is by permanently reducing our dependence on oil
26,obama,What we've already achieved gives us hope for what we can and must achieve tomorrow
27,obama,"And given their history, there are, of course, no guarantees that the Iranian regime will make the right choice"
28,obama,That’s why centuries of pioneers and immigrants have risked everything to come here
29,obama,"Indeed, the existence of Guantanamo likely created more terrorists around the world than it ever detained"
30,obama,"And just to set the record straight, I really do enjoy attending these dinners"
31,obama,"If you can achieve some reality TV notoriety, that’s better than lasting achievement"
32,obama,"You’ve met your responsibilities, you’ve done your duty -- not just when it’s easy"
33,obama,"We’re going to set up a kind of ""reverse boot camp"" for our departing servicemembers"
34,obama,Some of the most successful people in the world are the ones who've had the most failures
35,obama,"The confidence that our destiny is never written for us, it's written by us"
36,obama,And I am confident all of you are going to get the job done right here in Afghanistan
37,obama,"As Americans, we don’t mind paying our fair share of taxes as long as everybody else does, too"
38,obama,The resolution that passed lays out very clear conditions that must be met
39,obama,You worship all of the great religions that enrich the life of our people
40,obama,"We will continue to promote renewable energy and efficiency, and share new technologies with countries around the world"
41,obama,"We need to make sure that we’ve got clear plans, that we’re developing them"
42,obama,"King said, “We are like the children of Israel, marching from slavery to freedom"
43,obama,"Congratulations on your graduation, and thank you for allowing me the honor of being a part of it"
44,obama,And that’s why I signed a bill that will provide tax cuts for small businesses that hire unemployed workers
45,obama,"In cities and towns across the country, Libyans took to the streets to claim their basic human rights"
46,obama,"And we have disrupted plots at home and abroad, and saved American lives"
47,obama,"I am particularly grateful to be accompanied by my friend Elie Wiesel, as well as Mr"
48,obama,"I'm thinking about Andoni Schultz, from Los Altos, California, who's fought brain cancer since he was three"
49,obama,There’s going to have to be an Iraqi solution that America and other countries and allies support
50,obama,"With less money flowing into the Treasury, some useful programs or policies might need to be delayed"
51,obama,"“There but for the grace of God go I,” we say to ourselves"
52,obama,"And she remembered what Principal Kiner told her: ""You can't let the past get you down"
53,obama,"So here in New Delhi, Prime Minister Modi and I have begun this work anew"
54,obama,"To the people of Santiago, to the people of Chile, thank you so much for your wonderful welcome"
55,obama,"We sell more of our exports to Mexico than we do to Brazil, Russia, India and China combined"
56,obama,"No armies came to our shores, and our military was not the principal target"
57,obama,They understand that they no longer need to be just a source of cheap labor or cheap exports
58,obama,They've already cut insurance for people who’ve lost their jobs through no fault of their own
59,obama,"Day after day, in the face of bullets and bombs, the Libyan people refused to give back that freedom"
60,obama,"In the Middle East, we share the goal of a lasting peace between Israel and its neighbors"
61,obama,"Indeed, it is this constant flow of immigrants that helped to make America what it is"
62,obama,You’ve got educators raising standards and then inspiring their students to meet them
63,obama,This is not to say that race has not been an issue in this campaign
64,obama,"For example, I had my heart set on the Nobel Prize -- for Physics"
65,obama,6 million jobs that the Recovery Act has already created and saved according to the Congressional Budget Office
66,obama,"Sixty-one years ago, George Marshall announced the plan that would come to bear his name"
67,obama,I don’t have to tell you that nurses all too often have been given short shrift
68,obama,"We are America, and we don’t just keep up with changing times, we set the pace for changing times"
69,obama,"I still believe we can replace acrimony with civility, and gridlock with progress"
70,obama,And you should be constantly thinking how can I help this person do their jobs even better
71,obama,"And in America, that means redoubling our efforts to close the prison at Guantanamo"
72,obama,So we were honored to visit the residence where Gandhi and King both stayed -- Mani Bhavan
73,obama,That's why the international community is more united and the Islamic Republic of Iran is more isolated
74,obama,"I want to talk about what we've done, why we've done it, and what we have left to do"
75,obama,"And I apologize for keeping you guys up late, coming on such short notice"
76,obama,"Together, we can build a world where people are protected, prosperity is enlarged, and our power truly serves progress"
77,obama,Violence has been reduced substantially from the horrific sectarian killing of 2006 and 2007
78,obama,"Over the next two years, this plan will save or create 3"
79,obama,"But for the 15 percent of Americans who don't have health insurance, this opportunity is life-changing"
80,obama,"That’s my promise to every one of you, every man and woman who wears America’s uniform"
81,obama,"And as they do, we will be proud to stand with them as a steadfast partner"
82,obama,I’ve seen you engage and I’ve seen you turn out in record numbers
83,obama,We want to expand the trade and investment that can bring prosperity for all people
84,obama,"And high-tech industries, like those across the Valley, support millions of American jobs"
85,obama,This is not about singling out individual nations -- it's about the responsibilities of all nations
86,obama,"So every day, we’ve got to keep upping our game at the same time"
87,obama,We see that in the evangelical leaders who are rallying their congregations to protect our planet
88,obama,And that’s what I want to speak to all of you about today
89,obama,"I've shared the pain of families who've lost their homes, and the frustration of workers who've lost their jobs"
90,obama,"For all these reasons, I maintained a healthy skepticism toward our surveillance programs after I became President"
91,obama,"We have to invest in our homeland security, because we can't capture or kill every violent extremist abroad"
92,obama,Federally-funded research helped lead to the ideas and inventions behind Google and smartphones
93,obama,And I do appreciate that Larry is here tonight because it is seven hours past his bedtime
94,obama,"I know the scale of this plan is unprecedented, but so is the severity of our situation"
95,obama,"Presidents from Teddy Roosevelt to Lyndon Johnson have been accused of promoting socialism, or worse"
96,obama,"I tease Joe sometimes, but he has been at my side for seven years now"
97,obama,"It is one of the tasks of all great religions to accommodate devout faith with a modern, multicultural world"
98,obama,"As you can imagine, this is a process that will take some time"
99,obama,It was from here that NASA launched the missions of Mercury and Gemini and Apollo
100,obama,Ryan was hit by shrapnel in the arm and both legs and was bleeding badly
101,obama,"The measure of our success must be whether people can live in sustained freedom, dignity, and security"
102,obama,"And so a lot of the uncertainty that you're reading about, that will be removed"
103,obama,The land-grant colleges and public high schools transformed the economy of an industrializing nation
104,obama,"We will do our part to help people feed themselves, power their economies, and care for their sick"
105,obama,"Over the last two days, I’ve reaffirmed the bonds between our countries with Prime Minister Netanyahu and President Peres"
106,obama,"Now, this is what I mean when I say that we need to focus on the future"
107,obama,And that will require difficult choices and it will require different paths for both of our countries
108,obama,"Army Secretary John McHugh; and Chief of Staff of the Army, General George Casey"
109,obama,And I intend to take that message to every corner of this country
110,obama,"Who knows what’s been happening while you’ve been paying attention to me? All right?Thank you very much, everybody"
111,obama,"But make sure you heal folks in underserved communities who really need it, too"
112,obama,"Today, we are seeing the struggle for these rights unfold across the Middle East and North Africa"
113,obama,Let me repeat this:  Nothing in our plan requires you to change what you have
114,obama,"Together, we’ve learned how to cure disease and harness the power of the wind and the sun"
115,obama,And we pray that a hand may guide us through the storm towards a brighter day
116,obama,We want to seed more and more partnerships of the kind that Rahm is trying to set up
117,obama,"Our objective is clear:  We will degrade, and ultimately destroy, ISIL through a comprehensive and sustained counterterrorism strategy"
118,obama,"Four years ago, the Defense Department decided to cease production because it had acquired the number requested -- 180"
119,obama,"Now, stopping illegal immigration must go hand in hand with reforming our creaky system of legal immigration"
120,obama,"President, let me once again thank you for everything you’ve done to strengthen our alliance and our friendship"
121,obama,And this is the moment when we must give hope to those left behind in a globalized world
122,obama,"""Father, as they called him, was just 35 years old when he died in that hellish prison camp"
123,obama,Whether you let your kids play with kids who attend a different church -– that’s your decision
124,obama,"Yes, the Supreme Court had ruled not only on the Montgomery buses, but also on Brown v"
125,obama,"Every time I visit Walter Reed, every time I visit Bethesda, I’m reminded of the wages of war"
126,obama,We are here today because enough people ignored the voices who told them that the world could not change
127,obama,"For when it comes to the pursuit of justice, we can afford neither complacency nor despair"
128,obama,It is not announcing that the mission is completed at any given period
129,obama,"Ryan says, ""I think we owe it to them to live lives worthy of their sacrifice"
130,obama,"Folks are complaining about the quality of our government, I understand there's something to be complaining about"
131,obama,"We are not bound to succeed, but we are bound to let whatever light we have shine"
132,obama,"Now until last week, I think it’s fair to say that few outside this state had ever heard of West"
133,obama,OPIC will soon launch a 2 billion dollars facility to support private investment across the region
134,obama,"So put them in a bill, and get it on my desk this year"
135,obama,You fought for each other and for the benefits and treatment you had earned
136,obama,"Six years into my presidency, some people still say I'm arrogant and aloof, condescending"
137,obama,We helped a generation of veterans go to college through the GI Bill
138,obama,"For the past nine years, in Afghanistan and Iraq, they have borne the burdens of war"
139,obama,And the pain and the experience of suffering by those who lost loved ones is just unimaginable
140,obama,"He’s trying to do the right thing, paying half the cost of coverage for his workers"
141,obama,"We're in a very dangerous situation, where financial institutions across this country are afraid to lend money"
142,obama,"Finally, my proposal would bring down the cost of health care for millions -- families, businesses, and the federal government"
143,obama,"I’ve learned that things aren’t always what you want, but you can make them what you want"
144,obama,And I just want to point out this was a central question during the election
145,obama,So what else are you talking about?  And at that point it kind of trails off
146,obama,"In country after country, people are mobilizing to free themselves from the grip of an iron fist"
147,obama,The second step in our approach is to find additional savings in our defense budget
148,obama,We all agree that we need legislation to make it harder for suspected terrorists to go undetected in this country
149,obama,These aren't Republican values or Democratic values that they're living by; business values or labor values
150,obama,And that means small businesses and medium-sized businesses and large businesses will all have more customers
151,obama,A farmer prepared for the spring after the strongest five-year stretch of farm exports in our history
152,obama,"If you’re sick, you’ll finally have the same chance to get quality, affordable health care as everyone else"
153,obama,"The second review will examine all screening policies, technologies, and procedures related to air travel"
154,obama,"You know, they said -- they said -- they said this day would never come"
155,obama,They remind us that heroism does not require special training or physical strength
156,obama,"In my first year, we achieved the largest percentage increase in the VA budget in 30 years"
157,obama,"I cannot ignore these rulings because as President, I too am bound by the law"
158,obama,Thank you for the honor of being able to be a part of it
159,obama,"Cuts in college Pell Grants that will grow to more than $1,000 per year"
160,obama,We don't have to settle for a PATRIOT Act that sacrifices our liberties or our safety
161,obama,We faced down fascism with the greatest war-time alliance the world has ever known
162,obama,"There are a lot of good people here, on both sides of the aisle"
163,obama,"His life, his story, tells us that change can come if you don’t give up"
164,obama,That's not why you put in all those hours in the Anatomy Suite or the O
165,obama,We are expected to protect the American people; that requires us to have capabilities in this field
166,obama,"And we’ve told BP that we expect them to pay for that, too"
167,obama,"Right now, there are brilliant students from all over the world sitting in classrooms at our top universities"
168,obama,He was a familiar and welcome voice that spoke to each and every one of us personally
169,obama,)  And there’s no shortage of people who are happy to opine on that
170,obama,"”And here at Pensacola, you’re carrying on the proud tradition of naval aviation that spans a century"
171,obama,The author of a book on the rescue found that those he interviewed were baffled by his interest
172,obama,"Last year, we prayed together for Pastor Saeed Abedini, detained in Iran since 2012"
173,obama,"They’re the millions of recruits who have stepped forward since, seeing their nation at war and saying, “Send me"
174,obama,"But in Europe, there is an anti-Americanism that is at once casual but can also be insidious"
175,obama,It means investing in transportation and communications networks that move goods and information as fast as possible
176,obama,"Today, we're paying Medicare Advantage plans much more than we pay for traditional Medicare services"
177,obama,"Many more have left a part of themselves on the battlefield, or brought the shadows of battle back home"
178,obama,"And the people will have to be found, prosecuted and sent to jail"
179,obama,That was when the free world learned too late that it could not afford division
180,obama,We can’t guess with 100 percent accuracy what industries and innovations will next shape our world
181,obama,They are full of dancing and clapping and screaming and shouting that may seem jarring to the untrained ear
182,obama,"President Obama:  Where appropriate, we will bring terrorists to justice in our courts and our military justice system"
183,obama,We stitched together a community of free nations and institutions to endure and ultimately prevail during a Cold War
184,obama,""" We do not need to recite here the history of racial injustice in this country"
185,obama,The heroes of the Warsaw Ghetto who refused to go without a fight
186,obama,"This is more important than ever, given the nature of the challenges that we face"
187,obama,The Islamic Republic of Iran has been advancing its nuclear program for decades
188,obama,"To which gays and lesbians across the country responded, that's not going to be a problem"
189,obama,And some of you have seen what happened there as a consequence of the tornadoes that struck
190,obama,The common thread of progress is the principle that government is accountable to its citizens
191,obama,"We joked around, and took pictures, and I told him to stay in touch"
192,obama,"So, yes, this has been quite a year in politics, but also in the movies"
193,obama,I have confidence you will choose that path; you will embrace that task
194,obama,"These principles have guided our approach to Burma, with a combination of sanctions and engagement"
195,obama,Imagining and then fighting for and struggling for and sometimes dying for what didn’t seem possible before
196,obama,"When men and women peacefully claim their human rights, our own common humanity is enhanced"
197,obama,"More specifically, I got it from watching the women who shaped my life"
198,obama,"As many of you know, over the last few months I've been thinking hard about my plans for 2008"
199,obama,"I spend the whole year trying to unite Washington around things, and they come to visit on St"
200,obama,But I wanted to do my part to do my part to shape a better world
201,obama,"It was another Republican, Teddy Roosevelt, who said, “the object of government is the welfare of the people"
202,obama,"On behalf of myself and Michelle, thank you so much for welcoming us back to India"
203,obama,And we'll be there even after the cameras leave and after the attention turns elsewhere
204,obama,"Last weekend, she came home, but it was to attend the funeral of Hadiya Pendleton"
205,obama,And I am confident that we can meet any challenge as long as we are together
206,obama,So his demise should be welcomed by all who believe in peace and human dignity
207,obama,But the reality is that each contribution has to follow on to previous work
208,obama,And Jennifer Granholm has been all on top of this as the governor of Michigan
209,obama,Let me be clear: we must be as careful getting out of Iraq as we were careless getting in
210,obama,You remind us that our future is not shaped by mere chance or circumstance
211,obama,It's a plan that will not add to our deficit over the next decade
212,obama,"They were young and old, from different backgrounds and different walks of life"
213,obama,And we’ve had arguments between politicians that have been settled with actual duels
214,obama,"When there are efforts to boycott or divest from Israel, we will stand against them"
215,obama,"But more than that, both drilled into me the importance of service, character, and integrity"
216,obama,"This year, insurance companies will no longer be able to drop people’s coverage when they get sick"
217,obama,"They said this country was too divided, too disillusioned to ever come together around a common purpose"
218,obama,We know that too many young men in our community continue to make bad choices
219,obama,"Starting today, we must pick ourselves up, dust ourselves off, and begin again the work of remaking America"
220,obama,"Yet every year since, Congress had provided unrequested money for more C-17s that the Pentagon doesn't want or need"
221,obama,"It is time to set a new course for this economy, and that change must begin now"
222,obama,"In the United States, my administration has worked to make government more open and transparent and accountable to people"
223,obama,"If we focus on what matters, then more Americans will know the pride of that first paycheck"
224,obama,"As recently as a decade ago, there were great tensions between us and Malaysia, for example"
225,obama,"So long as I'm President of the United States, we will do just that"
226,obama,"It lives on in memories of your fellow soldiers, sailors, airmen and Marines who gave their lives"
227,obama,We just have to act like it again to write that next chapter in the American story
228,obama,"They see your country at the crossroads of continents, and touched by the currents of history"
229,obama,"This was back in 1967, ‘68 -- most of you weren’t born yet"
230,obama,"All of this bound America and Cuba in a unique relationship, at once family and foe"
231,obama,"There are always cynics who say, aw, this is too hard, the headwinds you face are too stiff"
232,obama,"And as somebody who was born in Hawaii, I'm glad to be here in July instead of January"
233,obama,And he’d go on to begin that first intercontinental railroad and set up the first land-grant colleges
234,obama,"Now, I have heard rumors that a few of you still have concerns about our new health care law"
235,obama,It’s a little harder to ignore the national debates about the issues that affect their lives and yours
236,obama,"First, I banned the use of so-called enhanced interrogation techniques by the United States of America"
237,obama,It’s about whether a child can learn the skills they need to make it in a changing world
238,obama,"Meanwhile, we strengthened our defenses -- hardening targets, tightening transportation security, giving law enforcement new tools to prevent terror"
239,obama,You need to take up the challenges that we face as a nation and make them your own
240,obama,For in our hands lies the ability to shape our world for good or for ill
241,obama,"But by this continuing distortion of Senate rules, a minority was able to block it from moving forward"
242,obama,I took office at a time when many around the world had come to view America with skepticism and distrust
243,obama,So he came back and enrolled in Morehouse to be closer to her
244,obama,Our Constitution and our Uniform Code of Military Justice provide a framework for dealing with the terrorists
245,obama,This includes funding to allow students training part-time to become nurse practitioners to start training full-time
246,obama,"Now, graduates, I am humbled to stand here with all of you as an honorary Morehouse Man"
247,obama,"He not only embodied Ubuntu, he taught millions to find that truth within themselves"
248,obama,"They’re innovative, flexible, focused on the future, and deeply devoted to our troops and their families"
249,obama,"We need more troops, more helicopters, more satellites, more Predator drones in the Afghan border region"
250,obama,"So with that, Governor, would you like to say a few words? GOVERNOR BENTLEY: I would"
251,obama,We must reverse the Taliban's momentum and deny it the ability to overthrow the government
252,obama,"And to spur on more success stories like the Allen Brothers, we’ve begun to reinvent our energy policy"
253,obama,"These provisions provide common-sense protections for middle class families, and they enjoy broad popular support"
254,obama,And we’ve had a lot of stakeholder discussions; that set of proposals is being worked up
255,obama,We’ve increased the role of emerging economies like India at international financial institutions
256,obama,"Now, we also know that military power alone is not going to solve the problems in Afghanistan and Pakistan"
257,obama,"We will set new standards, expand our cooperation with Russia, pursue new partnerships to lock down these sensitive materials"
258,obama,"We are shaped by every language and every culture, drawn from every end of this Earth"
259,obama,They had hopes for the future and they had dreams that were not yet fulfilled
260,obama,That will be true as we continue our efforts to pursue -- in the pursuit of peace
261,obama,"And yet, each season, the frost melts, the cold recedes, the sun reappears"
262,obama,"In today’s innovation economy, we also need a world-class commitment to science and research, the next generation of high-tech manufacturing"
263,obama,Iran is not going to simply dismantle its program because we demand it to do so
264,obama,"Because Republicans and Democrats approved the New START treaty, far fewer nuclear weapons and launchers will be deployed"
265,obama,"For we believe in the power of an awesome God, and we believe in this country’s sacred promise"
266,obama,"If we fail to act, the Assad regime will see no reason to stop using chemical weapons"
267,obama,"Those ideals still light the world, and we will not give them up for expedience'[s] sake"
268,obama,"It is good -- It is good to be here, and congratulations Class of 2010"
269,obama,You may have to cut back on medicines in order to fill up the gas tank
270,obama,"First, the friendship between the United States and Indonesia can advance our mutual interest in development"
271,obama,But it wasn’t just the giants of history who brought about this change
272,obama,"And the Chairman of the Grand Traverse Band of Ottawa and Chippewa Indian Tribe, Derek Bailey is here"
273,obama,And I will not stand by when our competitors don’t play by the rules
274,obama,"They had made their share of mistakes, had not always agreed with one another on every issue"
275,obama,"The sooner the extremists are isolated and unwelcome in Muslim communities, the sooner we will all be safer"
276,obama,The full faith and credit of the United States of America is not a bargaining chip
277,obama,"And when I say this is the largest response of its kind in American history, I mean it"
278,obama,"To defeat this enemy, we must understand who we are fighting against, and what we are fighting for"
279,obama,"Once more, they have the thanks of a grateful nation and the admiration of the world"
280,obama,"We’re going to modernize the Kennedy Space Center, creating jobs as we upgrade launch facilities"
281,obama,"This is training to become a medical technician, or a health IT worker, or a lab specialist, or a nurse"
282,obama,"A country faces few decisions as grave as using military force, even when that force is limited"
283,obama,"After nearly 10 years of service, struggle, and sacrifice, we know well the costs of war"
284,obama,"Thanks to all of you for bringing me home, even if it's just for a day"
285,obama,"”  Americans believed you, sir, when you said that to them over and over"
286,obama,"Since taking office, I’ve announced the most significant changes to my nation’s policy towards Cuba in decades"
287,obama,"And that's why, after the Afghan voting was completed, I insisted on a thorough review of our strategy"
288,obama,"Only two years after the passage of the original Act, registration numbers for minority voters in some States doubled"
289,obama,"The United States seeks security -- the security of our country, our allies and partners"
290,obama,That's how we're going to create sustained growth without the looming threat of another costly crisis
291,obama,Prejudices and stereotypes and assumptions -- those are what happens to old minds like mine
292,obama,"My outstanding Secretary of Education, Arne Duncan, who's here today -- stand up, Arne, so everybody can see you"
293,obama,But they just kept counter-attacking because they wanted to get their two buddies
294,obama,"Now, we can’t forget that this process of immigration and eventual inclusion has often been painful"
295,obama,So I understand the impulse to try to get around this in a simple way
296,obama,Will this solve every single problem in our health care system right away?  No
297,obama,"And finally, these guidelines we're putting in place are only the beginning of a long-term effort"
298,obama,"At the same time, our outstanding VA Secretary, Ric Shinseki, is working every day to build a 21st century VA"
299,obama,"While drawing down in Iraq, we have refocused on defeating al Qaeda and denying its affiliates a safe haven"
300,obama,"Our new Commander in Afghanistan, General McChrystal, has reported that the security situation is more serious than he anticipated"
301,obama,My father came to these shores in search of the promise that they offered
302,obama,"Our meeting today was comprehensive, historic and significant, embodying our shared values and aspirations"
303,obama,They took his clothes and made him stand in the freezing cold for hours
304,obama,I just talked to the platoon that lost six of their buddies in a senseless act of violence
305,obama,"Last month, Qaddafi’s grip of fear appeared to give way to the promise of freedom"
306,obama,The solution in Afghanistan is not just military – it is political and economic
307,obama,"So if you want to know who we are, what America is, how we respond to evil -- that’s it"
308,obama,More Americans will lose their family's health insurance if they switch jobs or lose their job
309,obama,"We help each other, we support one another, as one country, as one people"
310,obama,"That’s not just from the government, that’s also from the contractors who sometimes service your loans"
311,obama,"And I want to thank the Mayor of Strasbourg, Roland Ries, for his hospitality"
312,obama,”  The First Amendment of our Constitution established the freedom of religion as the law of the land
313,obama,"By ""violent extremism,"" we don’t just mean the terrorists who are killing innocent people"
314,obama,"So we’re improving care for our wounded warriors, especially those with post-traumatic stress and traumatic brain injury"
315,obama,It’s easy to see this as a distant problem -- until it is not
316,obama,”  We’ve got Navy -- all the students of the Naval Air Technical Training Center
317,obama,But I want the American people to know that the work has begun
318,obama,"And the duration of this transition period must be agreed, and the effectiveness of security arrangements must be demonstrated"
319,obama,You haven’t seen the same kind of sectarian animosity that you’ve seen in parts of the Middle East
320,obama,"All of this is in service of meeting what this former executive called ""Wall Street's relentless profit expectations"
321,obama,"It’s a plan to reward small businesses and manufacturers that create jobs here, not overseas"
322,obama,So I know that for many of you it’s an intimidating time to be marching out into the world
323,obama,"Asian immigrants helped build America, and millions of American families, including my own, cherish our ties to this region"
324,obama,It simply allows the country to pay for spending that Congress has already committed to
325,obama,"Still, even when we do know what works, we are often not making the most of it"
326,obama,"So even as America competes aggressively in Asian markets, we’re forging the economic partnerships that create opportunity for all"
327,obama,From Africato central Asia to the Pacific Rim– nearly 60countries stand on the brink of conflict or collapse
328,obama,That’s why my Administration has put more boots on the border than ever before
329,obama,I was wondering if you were struck by Raul Castro’s warm words for you today
330,obama,workers get hurt and you don’t necessarily see an improvement in standards of living for those ASEAN countries
331,obama,"But what did Lincoln say?  “I am not bound to win, but I am bound to be true"
332,obama,This can't be one of those Washington gimmicks that lets us pretend we solved a problem
333,obama,This is how we will keep alive the legacy of these proud and patriotic Americans
334,obama,We will continue air strikes to protect our people and facilities in Iraq
335,obama,Someone as gifted as Elena could easily have settled into a comfortable life in a corporate law practice
336,obama,We have to do more to help the long-term unemployed in their search for work
337,obama,That’s what we’re all going to do together in the months and years to come
338,obama,"But make no mistake: This war is ending, and all of our troops are coming home"
339,obama,It’s helped build the greatest economic engine that the world has ever known
340,obama,"We pray for those in Boston who have been tested, and the wounded whose greatest tests still lie ahead"
341,obama,"Gabby opened her eyes, so I can tell you she knows we are here"
342,obama,"In the new economy, jobs and businesses will go wherever the most skilled, best-educated workforce resides"
343,obama,"Moreover, Iran continues to support terrorism across the region, including providing weapons and funds to terrorist organizations"
344,obama,All of these agencies -- and their leaders -- are responsible for implementing these reforms
345,obama,"And when she was gone, my grandmother stepped up to take care of me"
346,obama,The days when empires could treat sovereign states as pieces on a chess board are over
347,obama,"""No one really knew what the actual value of these securities were, no one fully understood what the risks were"
348,obama,More small businesses will be forced to choose between health care and hiring
349,obama,That's why we made the largest increase in investments for veterans in decades last year
350,obama,Al Qaeda and the violent extremists who you’re fighting against want to destroy
351,obama,"I do know that this bill, this legislation, is going to be enormously important for America’s future"
352,obama,"I, as well, rise today to speak in support of the Iraq resolution that the Senate will consider tomorrow"
353,obama,"In the face of these challenges, too many leaders in the region tried to direct their people’s grievances elsewhere"
354,obama,", I continue to benefit from the contributions of Russians -- specifically, from Alexander Ovechkin"
355,obama,"To Representative Donna Edwards, who is here and represents Maryland's 4th District, thank you"
356,obama,We pledged to avoid the trade barriers and protectionism that hurts us all in the end
357,obama,We're offering more of the support and counseling they need to transition back to civilian life
358,obama,"And this is part of my broader initiative called 100,000 Strong in the Americas"
359,obama,I want to thank Senator Bill Nelson and NASA Administrator Charlie Bolden for their extraordinary leadership
360,obama,Thank you to the citizens of Berlin and* -- and thank you to the people of Germany
361,obama,"Pass this jobs bill, and thousands of teachers in every state will go back to work"
362,obama,We cannot rid Iraq of all who oppose America or sympathize with our adversaries
363,obama,"""And as we walk, we must make the pledge that we shall always march ahead"
364,obama,"Now, there's a parable at the end of the Sermon on the Mount that tells the story of two men"
365,obama,I have to say that few people are as singularly unimpressed by Air Force One as those three
366,obama,China itself has said repeatedly that they will and have been conforming to international law
367,obama,"Today, I’m once again calling on Congress to come together and get this done"
368,obama,We've got to prepare our people with the skills they need to compete in this global economy
369,obama,"An economy where hard work is rewarded and success is shared, that was his goal"
370,obama,"And he and his family live in South Delhi, in the village of Mor Band"
371,obama,And the whole point of intelligence is to obtain information that is not publicly available
372,obama,"And where is Pern Phansiri?  There’s Pern, from Thailand, a tireless fighter against human trafficking"
373,obama,"On top of that, the effects of the recession put a three trillion dollar hole in our budget"
374,obama,So I've cut the tension by bringing a new friend to the White House
375,obama,"Above all, above all we will demonstrate through actions our commitment to a better future"
376,obama,And the fact is there are leaders in both parties throughout this country who want to do the same
377,obama,"The problem is we're still not reaching enough kids, and we're not reaching them in time"
378,obama,Such open discourse is important even if what is said does not square with our worldview
379,obama,"On the contrary, al Qaeda’s appeal within Iraq is enhanced by our troop presence"
380,obama,"As citizens, we understand that America is not about what can be done for us"
381,obama,That’s what happened too often in the years leading up to this crisis
382,obama,"Well, with this law, unfair rate hikes, like the one that hit Robin, will end for good"
383,obama,We also must do more in this rescue package in order to help homeowners stay in their homes
384,obama,"In other words, there are going to be a lot of judgment calls involved here"
385,obama,"Because ultimately, there is no dividing line between Main Street and Wall Street"
386,obama,"If we’re going to meet our responsibilities, we have to do it together"
387,obama,"The roadblocks may prove to be too great, but I firmly believe the diplomatic path must be tested"
388,obama,We will find whoever harmed our citizens and we will bring them to justice
389,obama,"A young man came a few months ago who was about 25, 26 years old"
390,obama,"There are a lot of folks who are still struggling out here, too many people in poverty"
391,obama,"Through faith, but not through faith alone, we can unite people to serve the common good"
392,obama,"But before I do that, let me remind everybody that the Affordable Care Act is not just a website"
393,obama,We saw mothers and fathers carrying their children on their shoulders to show them what true freedom might look like
394,obama,The President sought and won authorization from Congress to wage this war from the start
395,obama,"And when we took the program over, we made it more transparent and more accountable"
396,obama,We believe that countries have to have the power to prevent illness and care for the sick
397,obama,"After centuries of strife, the people of Europe have formed a Union of promise and prosperity"
398,obama,"I was just discussing this with your commander, but I think it's something that all of you know"
399,obama,"For some of Ted Kennedy's critics, his brand of liberalism represented an affront to American liberty"
400,obama,"Most disastrously, that could mean destructive storms on our shores, and the disappearance of our coastline"
401,obama,"That work starts today, because the truth is, we do not have a minute to waste"
402,obama,"DuBois spoke about the “talented tenth” -- a class of highly educated, socially conscious leaders in the black community"
403,obama,No more will the world's financial players be able to make risky bets at the expense of ordinary people
404,obama,"As long as countries like China keep going all in on clean energy, so must we"
405,obama,This is probably a more profound shift for them than it is for us
406,obama,"This is consistent with, for example, the agreement that we have with Australia, in Darwin"
407,obama,"It requires compromise, and it requires absorbing some pain from your own side"
408,obama,That's why I've proposed a more than 6 percent increase in funding for the Education Department
409,obama,We’ve already taken steps to make sure our contractors do not engage in forced labor
410,obama,"And today, TARP has served its original purpose and at much lower cost than we expected"
411,obama,History shows that countries are more prosperous and more peaceful when women are empowered
412,obama,Now the world will watch and remember what we do here -- what we do with this moment
413,obama,"The images from this massacre are sickening:  Men, women, children lying in rows, killed by poison gas"
414,obama,"That doesn't mean that they don't still have a burden to shoulder, that they don't have some responsibilities"
415,obama,It's an approach that has been debated and changed and I believe improved over the last year
416,obama,"We have to do that work, but it’s important that we acknowledge the facts"
417,obama,"Our new American majority can end the outrage of unaffordable, unavailable health care in our time"
418,obama,They founded the first Islamic center in New York City in the 1890s
419,obama,"But in the darkest hours, the people of Berlin kept the flame of hope burning"
420,obama,More of our tax dollars will go toward paying off the interest on our loans
421,obama,That is a goal that the parties agreed to in the road map and at Annapolis
422,obama,And it’s important to recognize that nuclear energy doesn’t emit carbon dioxide in the atmosphere
423,obama,"We gather here, on a Sabbath, during a time of profound difficulty for our nation and for our world"
424,obama,It’s long been said that the United States and the United Kingdom share a special relationship
425,obama,Democrats and Republicans in this chamber have supported unemployment insurance plenty of times in the past
426,obama,It's not ignoring the enormity of the tasks ahead or the roadblocks that stand in our path
427,obama,"That’s true in Yemen, where President Saleh needs to follow through on his commitment to transfer power"
428,obama,And we haven't raised income taxes by a single dime on a single person
429,obama,"All of these states also share a strong tradition of hunting, and sport shooting, and gun ownership"
430,obama,We finally strengthened -- We finally strengthened our laws to protect against crimes driven by hate
431,obama,Indonesia has also been at the forefront of pushing for more attention to human rights within ASEAN
432,obama,"The executives at NBC asked, “What’s your secret?”So, yes, maybe I have lost a step"
433,obama,"Then soon after, Cory served on his 10th deployment since 9/11 -- that's right, his 10th deployment"
434,obama,"If another attack on our homeland comes, it will likely come from the same region where 9/11 was planned"
435,obama,We believe people everywhere would see their economies crippled by a cut-off in energy supplies
436,obama,And he tried to instill in his colleagues that same sense of empathy
437,obama,That is an achievable goal if we pursue a comprehensive plan to press the Iraqis stand up
438,obama,"King's birthday, but it strikes me that understanding our history and knowing what it means, is an everyday activity"
439,obama,"Because we hold our leaders accountable, and insist on a free press and independent judiciary"
440,obama,The average CEO has gotten a raise of nearly 40 percent since 2009
441,obama,Our thoughts and prayers are with the families who have been directly impacted
442,obama,"And as long as I’m your Commander-in-Chief, I am not going to let that happen"
443,obama,"You know, I recognize that times have changed since I first spoke to this convention"
444,obama,"We speak not as members of the EU, but as close friends of both Turkey and Europe"
445,obama,We do expect everybody can go as far as their dreams and hard work will take them
446,obama,But that is why the voices for peace and progress must be raised together
447,obama,"So it's the middle class that gets squeezed, and that’s who we have to help"
448,obama,"Four of them are here today -- Grant Fritz, Julia Stokes, Hinna Zeejah, and Teja Goode"
449,obama,We'll also create a new research center with a simple mission:  to measure what works and what doesn't
450,obama,And securing the gains this country has made requires the vigilance of its citizens
451,obama,We also eliminated a $120 million program that allows folks to get their Earned Income Tax Credit in advance
452,obama,"So in Israel, we see values that we share, even as we recognize what makes us different"
453,obama,Our approach lowers the government’s health care bills by reducing the cost of health care itself
454,obama,"Programs like unemploymentinsurance, student loans, veterans’ benefits, and tax credits for working families take up another 20 percent"
455,obama,"Gone in a horrible instant, they now ""dwell in the House of the Lord forever"
456,obama,"And finally, let me say this to the American people: I know well that we are weary of war"
457,obama,We have a point of view and we won't be shy about expressing it
458,obama,"And standing up, with courage and clear purpose, they somehow managed to change the world"
459,obama,"Now, before I go any further, I want to take a moment to speak directly to the people of Iraq"
460,obama,"In short, I released these memos because there was no overriding reason to protect them"
461,obama,The world must now recognize Latin America for the dynamic and growing region that it truly is
462,obama,"As has been mentioned, for one family, the Daniels family, old wounds are ripped open again"
463,obama,So I want to conclude by speaking directly to the people of India who are watching today
464,obama,She recently became the first woman to enroll in coverage through Delaware’s exchange
465,obama,This is how we will prevail in this great test of our time
466,obama,It has not met its obligations and it rejects offers that would provide it with peaceful nuclear power
467,obama,"The shooting stopped and they negotiated a safe surrender, saving those American lives"
468,obama,"To do so, we must return to the wisdom of those who created this institution"
469,obama,"To achieve a global ban on nuclear testing, my administration will immediately and aggressively pursue U"
470,obama,So far the Small Business Administration has approved loans and allowed many small businesses to defer existing loan payments
471,obama,"”  That’s what good schools can do, and we want good schools all across the country"
472,obama,"It’s a dangerous game that we’ve never played before, and we can’t afford to play it now"
473,obama,So we’re proud to be your partner in standing up for the rights of women and children
474,obama,Past eras have seen controversies about the construction of synagogues or Catholic churches
475,obama,"They can, and they must, and they will meet higher standards in our time"
476,obama,The point is the ups and downs in gas prices historically have tended to be temporary
477,obama,It will be easy to take issue with a particular change in a particular program
478,obama,"Because where you’re sitting, in this very place, in this town, it’s happened before"
479,obama,"After a firefight, they killed Osama bin Laden and took custody of his body"
480,obama,Because part of ending a war responsibly is standing by those who have fought it
481,obama,"This, in turn, has short-changed investments in our own people, and contributed to record deficits"
482,obama,"Among some Muslims, there's a disturbing tendency to measure one's own faith by the rejection of somebody else's faith"
483,obama,What did you think?  Were they pretty good?  Hooah!It is great to be back
484,obama,"The ranks of member states has more than tripled, and more people live under governments they elected"
485,obama,It results in an economy that invests too little in its people and in its future
486,obama,"I don't fit the typical pedigree, and I haven't spent my career in the halls of Washington"
487,obama,Robert and Gary Allen are brothers who run a small Michigan roofing company
488,obama,"They're a generation of innovators, and they’ve changed the way America fights and wins at wars"
489,obama,"I've spent a little bit of time with her now, and you can tell she is not messing around"
490,obama,It’s why I believe that the walls in that room began to shake at that moment
491,obama,"From the beginning, we have made clear that the change they seek must be driven by their own people"
492,obama,"And by any measure, they have earned their place among the greatest of generations"
493,obama,"Sixty-five years later, his son continues to introduce that same bill at the beginning of each session"
494,obama,"For months, the Iranian people have sought nothing more than to exercise their universal rights"
495,obama,Philip Randolph; women like Mary McLeod Bethune and Betty Friedan -- they’re Americans whose names we know
496,obama,But the principle that rates are going to need to go up he's conceded
497,obama,Neither Assad nor his allies have any interest in escalation that would lead to his demise
498,obama,"Thank you, God bless you, and may God bless the United States of America"
499,obama,We needed a new overarching strategy to meet the challenges of a new and dangerous world
500,trump,And now I’m going to fight for you – the American people – like nobody has ever fought before
501,trump,"""There was a word – two words that used to be used a lot called ""silent majority"""
502,trump,"Tom is asking ""Can Jeb make a comeback?"" I think it’s going to be very hard"
503,trump,"Petraeus was, you know, essentially – look, I don’t want to get into it with the poor guy"
504,trump,Thousands and thousands of people standing outside of an airplane hangar because the hangar was packed
505,trump,"It’s going to need to — it’s going to lead to tremendous nuclear proliferation, and they’re so rich now"
506,trump,"We’re going to make America great again, folks, I’m telling you folks, we’re going to make America great again"
507,trump,"In fact, Clinton's State Department was in charge of the admissions process for people applying to enter from overseas"
508,trump,But Israel has not been given the credit that they deserve for what they’ve done
509,trump,"We are going, and remember this; we are only going to have great trade deals, OK"
510,trump,I think it might have been the biggest in terms of political in the history of cable television
511,trump,"Immigration is a privilege, and we should not let anyone into this country who doesn’t support our communities"
512,trump,"When they give up looking for a job, they take them off of the stats"
513,trump,"The families of these wonderful people are totally devastated, and they will be forever"
514,trump,But you know — although I think last night I gave her a big headache
515,trump,It has to do with the fact that what he says is very divisive
516,trump,"I’m a man that’s built a tremendous company with the best locations in real estate, the best everything"
517,trump,"Believe me, I love this location but I know I can be someplace else"
518,trump,"As soon as she arrived, she found that pretty snake she’d taken in had been revived"
519,trump,"I don’t think the bad guys are going to say, ""Well, I don’t want to break the law"
520,trump,"They spent thousands and thousands of ads nationwide – listen to this one – 55,000 negative ads on me"
521,trump,What do you have to do that for? Every week they come out with a new poll
522,trump,"And, by the way, she was not awake to take that call at 3 o’clock in the morning"
523,trump,We could turn off that spigot by charging them tax until they behave properly
524,trump,And what the press should really do is take a look at how much money is left
525,trump,We need to be clearsighted about the groups that will never be anything other than enemies
526,trump,"I mean, if you want a reference, Bobby Knight in Indiana, we love Bobby Knight"
527,trump,"The silent majority, believe me, is back and I think we can use it somewhat different"
528,trump,"Because if you do that, we’re going to put a big fat tax on you"
529,trump,They’ve devalued the yen to such an extent that it was virtually impossible for Caterpillar to compete
530,trump,""" I mean, even CNN said, ""Number one political story of the year is Trump"
531,trump,I have pointed this out during my speeches and it is something Mexico doesn’t want me to say
532,trump,"And I said, ""I’ll do it but we have to talk about the country"
533,trump,"20,000 fewer people in the labor force in Wisconsin than seven years ago even though population has grown by 100,000"
534,trump,"And they are dominant and we have made them that way, folks, we have made them that way"
535,trump,"But when you think about it, we have 93 million people that are right now out of the labor force"
536,trump,"That had to be 20,000 people inside this massive convention center and it was incredible"
537,trump,"So many victories that are going to be coming out…In fact, you might get tired of victories"
538,trump,"In fact, one of the newscasts tonight said he went down 15 or 20 percent"
539,trump,"And we need the rich in order to make the great, I’m sorry to tell you"
540,trump,"Now, the good news is I sold it for a wonderful – I was very happy with that"
541,trump,"I did a lot of great deals, and I did them early and young"
542,trump,"He said, ""We are in the worst shape in terms of preparedness that we’ve been in in decades"
543,trump,"And they are, they’re declaring Marco Rubio the big loser of the night, which is true"
544,trump,"Millions and millions of jobs, thousands and thousands and thousands of plants, manufacturing plants, warehouses"
545,trump,"‘But if I hadn’t brought you in by now, heaven’s sake you might have died"
546,trump,It is one of the dumbest deals and one of the weakest contracts I’ve ever seen of any kind
547,trump,"You know, we started at nothing because nobody believed I was going to [run]"
548,trump,But I was very happy that she got into the debate because frankly she deserves to be in the debate
549,trump,"I’d like to begin by thanking the people of Montana, South Dakota, New Mexico, New Jersey and California"
550,trump,"""But you know, I really want to be a nice person and I am a nice person"
551,trump,You know one of the reasons we didn’t bomb the oil? Obama didn’t want to hurt the environment
552,trump,"I even held up my hands, and said, ""Look, take a look at that hand"
553,trump,I have always heard that it is very hard for a successful person to run for President
554,trump,How could it be possible? And we’re one of the only countries where that takes place
555,trump,"I’ve got 15,000, I don’t know what the hell he means by that but that’s OK"
556,trump,We’re taking away deductions and that’s one of the reasons we’re able to lower it
557,trump,BECAUSE THE ONE THING THAT BERNIE SANDERS AND I HAVE IN COMMON WAS TRADE
558,trump,"He gave the world his apology tour, we got ISIS, and many other problems, in return"
559,trump,I was in favor of her being – I think she should be in the debate
560,trump,They had some Oreos before on the plane and I said I don’t want to touch them
561,trump,"No, no, think — you’ll have to move out of this — I love this area, by the way"
562,trump,You have Rubio and he is a nice guy but you’ve got to vote
563,trump,"In this building right upstairs, I have the largest bank in the world from China"
564,trump,"So someday, someday they’re going to understand, someday when we take it all, they’ll understand"
565,trump,"I mean, at least you can say that Ted has won something, and you know, Marco has not won"
566,trump,And I am so intent on putting people back to work in this country
567,trump,"So by the time it gets over there, then they turn it over ""We don’t want it"
568,trump,""" And I wanted to go up and I wanted to hug that television set"
569,trump,We have a country that’s sitting on a big fat bubble that’s going to explode
570,trump,And Jerry to top it off has taken it to a whole new place
571,trump,And then he’ll never file this and that and then you’d have to sign your life away
572,trump,"I mean, you are signing in programs, things that you will never, ever use, You know that"
573,trump,"And even if you get one of these Republicans in, like, I didn’t finish the — so, the wall"
574,trump,"Well, they couldn’t find it because what have they done that’s good? And they said bringing peace to Syria"
575,trump,"And when Chris called, he said this is a movement; this is something like I’ve never seen"
576,trump,"They can’t get jobs, because there are no jobs, because China has our jobs and Mexico has our jobs"
577,trump,THEY WOULD HAVE LEFT AND WE WOULD HAVE LEFT AND WE WOULD HAVE BEEN BACK IN TWO WEEKS
578,trump,And it’s been just so beautiful to watch this company grow and to watch it grow so strongly
579,trump,I’m going to be a good president for the world but we have a country that’s in big trouble
580,trump,"They have no – you know, the $150 billion we gave to Iran, these people have no concept"
581,trump,"He loves Common Core, meaning he wants your kids educated from Washington, which is immediately no good"
582,trump,The Clintons have turned the politics of personal enrichment into an art form for themselves
583,trump,"We need a mentality that’s going to – you know, we’re at $19 trillion in debt"
584,trump,And they have one of the highest ratings they’ve had in a long time
585,trump,"So I have a total net worth, and now with the increase, it’ll be well-over $10 billion"
586,trump,We need somebody with incredible energy but incredible intelligence and all of those things
587,trump,"We'll be into a different mode, and our country will be further destroyed"
588,trump,But they have to respect us and they have to understand where we’re coming from
589,trump,"They said it was $18 million the first week, meaning last week, and $25 million"
590,trump,"Now, why would we put a guy like Jeb, like some of the others"
591,trump,I toured the plants and they do a fantastic job but it’s so important
592,trump,"It’s $19 trillion now but with a budget that was recently done, soon it will be $21 trillion"
593,trump,"I have many, many executives upstairs and in different buildings that I have that are women"
594,trump,Those people that are putting up those millions of dollars have total control over your candidate
595,trump,They didn’t mention at one of their meetings? I think they had breakfast like everyday or every other day
596,trump,But this is something – and I’ve been watching it for a long time – everybody agrees to
597,trump,So he’s an insider but it’s almost like the man on the street because he can’t get anything done
598,trump,"They’re gonzo, they’re gone or they’re failing badly, OK, and they’ll be gone soon"
599,trump,"But what do they also get out of that deal? First of all, they’re going to get nuclear"
600,trump,"So whether it’s matter of national security, or financial security, we can’t afford to keep on going like this"
601,trump,"He said ""Donald Trump is"" – I think he used the word – ""terrific"""
602,trump,But we’re going to do a good job and we’re going have a fantastic show
603,trump,"When you see Pfizer moving to Ireland and you see so many other companies, constantly now they’re leaving"
604,trump,"My taxes will – first of all, I’ll have a much simpler tax statement"
605,trump,"That’s a sign of affection, and it’s a sign of respect, and I really do appreciate it"
606,trump,But other businesses – I sort of – like the shirts and the ties with Macy’s
607,trump,"And I say, ""What are we doing? How stupid are we? No tax, no nothing"
608,trump,We have something happening that actually makes the Republican Party probably the biggest political story anywhere in the world
609,trump,"And then keep going, keep going and eventually they would get tired and say, this guy is crazy"
610,trump,"""  I don’t know if it was presidential, honestly, whether it is or not"
611,trump,"I’ll tell you what, Mexico in a certain way is in a mini-version the new China"
612,trump,The people in this community -- every time I see them they want education locally
613,trump,"Literally every day, Iran provides more and better weapons to support their puppet states"
614,trump,Do you know if you want to become a citizen of Mexico – I love the Mexican people
615,trump,when you do a little research on that I think it’s not going to be a factor
616,trump,"They’ve got terror cells everywhere, including in the western hemisphere very close to home"
617,trump,SO WHO HAS THE OIL RIGHT NOW? A LOT OF THE OIL IS HAD BY ISIS
618,trump,The whole world will be safer if our allies do their part to support our common defense and security
619,trump,We’ve got Social Security that’s going to be destroyed if somebody like me doesn’t bring money into the country
620,trump,"He has been a great divider for this country, and that should not have happened"
621,trump,"So, I really – it’s an honor to be with you folks, I can tell you"
622,trump,Do I think it’s time to have some of the other Republican candidates drop out? Yes
623,trump,"But once it’s straightened out, they could go home to their country, you know, to their area"
624,trump,""" Right?These people – and you know I have arguments with them all the time and I’m a practical guy"
625,trump,It’s so great to be at Mar-A-Lago with friends and the press and the media and everybody
626,trump,"And you know, in theory you could say ""Well, maybe it’s not my thing"
627,trump,How the hell can you vote for this guy? You just can’t do it
628,trump,"They didn’t report them, and the reason they didn’t is because they don’t disagree with them so much"
629,trump,And I think more importantly than anything else we are going to start winning again
630,trump,I think that might actually be more and better than getting 62% in New York
631,trump,I have a plan that Larry Kudlow and so many others think is the best plan they’ve seen
632,trump,"Yeah, it’s called the statute of limitations, right? And you know it’s a six-year year statute"
633,trump,"I mean, he — by the way, I met 69 percent, he is at 1 percent, he got"
634,trump,"So if they didn’t say they got the money, which they all did, 100% got the money"
635,trump,"And I will tell you, they’re going to end up liking us better than they do right"
636,trump,So when you think of it — and then they say you’ll never be able to build a wall
637,trump,"And when he runs, you got to remember his brother really gave us Obama"
638,trump,And they have to do it fast and not just talk about it
639,trump,"You know, we had a situation in California very recently where somebody was making bombs in an apartment"
640,trump,"I took a deep breath and I said, ""Let’s go"" to my wife and we came down that escalator"
641,trump,"They’re going to destroy a man’s life?And then I have Cruz saying, ""Oh, that was a terrible thing"
642,trump,"When I’m president, I will adopt a strategy that focuses on three things when it comes to Iran"
643,trump,"So everyone says, you have the right temperament – I have a great temperament"
644,trump,"And in the package that we gave you, you’ll see there’s a poll and I’m number one with Hispanics"
645,trump,"But you know what? We’re going to go to Florida, we’re going to spend so much time in Florida"
646,trump,"We ought to send some real junk, because, frankly, it would be — we ought to send our surplus"
647,trump,"But she responded to a friend, but she doesn’t respond to an ambassador that’s asking for help"
648,trump,"You see, they were asking – they were giving statements in a sarcastic, disgusting way"
649,trump,"I mean, some votes were stolen from Ben Carson, which by the way was a disgrace"
650,trump,""" What was it like 18 months later? So the enemy all of sudden said, ""Wow"", ‘cause don’t believe it"
651,trump,"And when I started this journey, and it is a journey, and I do love you people"
652,trump,"And if they bring it back, they’ll be using it to invest in our country"
653,trump,"China, you go there now, roads, bridges, schools, you never saw anything like it"
654,trump,And we’re going to save your Social Security and we’re going to save your Medicare
655,trump,"And what happens? What happens? So I filed and everyone said ""Oh, I can’t believe it"
656,trump,"So I said we’re going to try to get rid of that and I think we’ll be very, very successful"
657,trump,"I would have made – poor Jeb Bush, I mean, this poor guy with his low energy"
658,trump,I watched last night and I watched the president truly that didn’t know what he was doing
659,trump,"So, he made a statement, and after that, his spin people said, oh, he was great"
660,trump,His tariff on Japanese motorcycles was 45% and his tariff to shield America’s semiconductor industry was 100%
661,trump,"According to Pew Research, 99 percent of the people in Afghanistan support oppressive sharia law"
662,trump,"And you know, it’s always tough when you’re on live television all the time"
663,trump,She wants to take away American’s guns and then admit the very people who want to slaughter us
664,trump,"Even if I lose, I’ll pledge it, okay? I don’t think I’ve ever said that in my life"
665,trump,"And remember, us and all we’re doing, they have to appreciate what we’ve done to them"
666,trump,"With that being said, you know, I have a good chance of winning because you look at what’s going on"
667,trump,"‘Oh well,’ she cried, ‘I’ll take you in, and I’ll take care of you"
668,trump,"And if you read the front page of the Wall Street Journal about Mitt Romney, he looks like a fool"
669,trump,"So, when the people up on the stage with me — and Hillary, Hillary doesn’t have a clue"
670,trump,"And by the way, Iraq, with the second largest oil reserves anywhere in the world"
671,trump,"And now, I’m going to fight for you, the American people like nobody has ever fought before"
672,trump,"In fact, I had more people at the end than I had at the beginning"
673,trump,They knew he was a traitor because a general and a colonel went to see his group
674,trump,"Now it’s 60,000 negative ads – most of which are absolutely false and disgusting"
675,trump,"And that adds up to $5,600,000 total and we’re going to have some more coming in"
676,trump,They’re closing plants all over Michigan to build a plant in — in Mexico
677,trump,The power of weaponry is the single biggest problem that we have today in the world
678,trump,We’re going to turn this country around and we’re going to be the smart people
679,trump,"Now you have all these people going because they said, ""Oh man, Trump is terrible"
680,trump,I wish I would have devoted two more days to Ohio because I almost won in Ohio
681,trump,"They used to move from New York to Florida, or they’d move from New Jersey to someplace else, Chris"
682,trump,We also must ensure the American people are provided the information they need to understand the threat
683,trump,But it has left millions of our workers with nothing but poverty and heartache
684,trump,You can not do it! There is only one way you treat that kind of behavior
685,trump,How stupid is that? Because they devalued the yen so much and people are buying Komatsus instead of Caterpillars
686,trump,I am totally in favor of vaccines but I want smaller doses over a longer period of time
687,trump,I’m in hotel and I look at the ads and Cruz makes up these ads
688,trump,They’ve been forming since last night and I’m going to be signing books starting at 12 p
689,trump,"In fact, I’d love him to leave early and play, that would be a very good thing"
690,trump,"…And by the way, some of the media’s terrific but most of it 70%, 75% is absolute dishonest, absolute scum"
691,trump,He said it’s virtually impossible to get his goods and he makes better stuff than they do
692,trump,"And I said, ""Why is it that you folks are pushed around so much?"" Christianity"
693,trump,"But I think she’s afraid he’s going to say, ""Listen, I don’t like her anymore"
694,trump,"I thought if we could get to $1 million, it would be great, which it would have been"
695,trump,I have great respect for Mexico and love their people and their peoples’ great spirit
696,trump,"But he’s done an amazing job and I think we’re going to see something really, really fantastic"
697,trump,"How long did it take you to get the environmental impact statements?"" He laughed"
698,trump,"No matter who it is, no matter who they are, we received more votes"
699,trump,"Jones gets a bigger dividend, he’s going to have more money to spend in the economy"
700,trump,If you were in my world you would know that e-mails can't be lost; they can't be lost
701,trump,"You’d think somebody – even a liberal person or a Democrat liberal and I mean, really liberal"
702,trump,"And you know, Cruz thought he was going to have him and used him in his speech – ""Sen"
703,trump,"We’re going to take care of it, and it’s going to be done in a very humane way"
704,trump,"You know, when you look at costs, we just spent $1 million building a soccer field"
705,trump,You could say there’s 15 different names given out for different kinds of deductions or increases
706,trump,"But he said on one of — I think it was on Fox, he was being interviewed"
707,trump,The point is law enforcement – these people didn’t allow you to have any more people
708,trump,Throw them a ball if they have to play soccer – if they have to play at all
709,trump,"And people, the politicians are saying, ""How can you possibly get them to pay?""Let me tell you something, folks"
710,trump,We have to stop the tremendous flow of Syrian refugees into the United States
711,trump,And the reason I’m getting that — and I’m going to do great with the Hispanics
712,trump,He doesn’t see how Mexican leadership is outsmarting President Obama and our leadership in every aspect of negotiation
713,trump,"But my wife said to me ""You know if you run you will win"
714,trump,I am skeptical of international unions that tie us up and bring America down and will never enter
715,trump,But the $150 billion is gone because it’ll be gone before you get there
716,trump,"Not only the number of deaths, which are obviously – that’s what’s going on is incredible"
717,trump,"TRUMP: All of a sudden, at the last moment, this big car manufacturer, foreign, announces they’re not going to Tennessee"
718,trump,They’re not being responsible because we’re losing a lot of people because of the Internet
719,trump,"I think it was like 50,000 or 60,000 more than they’ve ever had before"
720,trump,I guess I just heard when I walked in one just came out that we’re 10 points up
721,trump,"The other day I was in Florida, we had 12,000 people in Sarasota at 12 p"
722,trump,"And now I’m building all over the world, and I love what I’m doing"
723,trump,I sell apartments for — I just sold an apartment for $15 million to somebody from China
724,trump,He’s a got a very friendly group of people over there that they don’t think so
725,trump,"No, he has no respect for our President and our President doesn’t like him in all fairness"
726,trump,"Yes, there are many radicalized people already inside our country as a result of poor policies of the past"
727,trump,"I mean, he’s somebody that I can certainly see that because I like him, he likes me"
728,trump,"THEY WOULD HAVE SAID, WHAT DO YOU MEAN YOU HAVE TO GIVE US -- NO, NO, WE WANT TO"
729,trump,"And I think when the press portrays it differently, the press is being very dishonest"
730,trump,That’s why being a builder and a great builder and a very successful builder I think will greatly help
731,trump,"I KEPT WAITING FOR THE WHOLE DELEGATION, I KEPT WAITING FOR THEM TO LEAVE, TO GET UP AND LEAVE"
732,trump,"In Florida, they spent $38 million on negative ads and I won it in a landslide"
733,trump,In fact it could be happening right now which would be very nice as far as I’m concerned
734,trump,"I’ll tell you what, it takes a lot of courage to run for president"
735,trump,""" I was against going into Iraq from the very beginning, from the very beginning"
736,trump,He’s a good guy – a really good guy – and his staffers and hopefully they get better
737,trump,And we have – we’ll do what we have to do in terms of ISIS and all
738,trump,The terrorist attack on Pulse nightclub demands a full and complete investigation into every single aspect of the assault
739,trump,Remember the old days when the doctor used to come to your house? Right?Beada remembers that
740,trump,And it’s another form of let’s stay away from OPEC and let’s stay away from that Middle East stuff
741,trump,"OKAY? SO WHEN OUR ENEMIES LOOK AT WHAT IS GOING ON WITH OUR COUNTRY, THEY SEE OUR DEFICITS"
742,trump,It’s not an easy job when he had 17 egos and now I guess he’s down to one
743,trump,Ben is paying 70 to almost 80 cents on the dollar to raise money
744,trump,"You know, we have 93 million people that are not in the workforce right now"
745,trump,"And we are going to be a much bigger party, and you can see that happening"
746,trump,"We will move the American embassy to the eternal capital of the Jewish people, Jerusalem"
747,trump,"But when you have free trade, you need smart people running your side of the free trade"
748,trump,"America is getting taken apart piece by piece, auctioned off, and just rapidly, auctioned off to the highest bidder"
749,trump,So second amendment by the way -- this is a room loves the second amendment
750,trump,"The problem is we have politicians who truly, truly, truly don’t know what they’re doing"
751,trump,Her husband signed perhaps in the history of the world the single worst trade deal ever done
752,trump,So bottom line I think I might ask for a lot of money for charity but you know
753,trump,Five: I am going to instruct my Treasury Secretary to label China a currency manipulator
754,trump,"Jamiel Shaw, an unbelievable young man, was killed, just shot right through the head by an illegal immigrant"
755,trump,I wonder if Time Magazine had that one to do over again what they’d say
756,trump,"In fact, I guess in terms of money per vote, I’m about at the bottom, meaning the most efficient"
757,trump,And then you go to other countries and you see places like you’ve never seen
758,trump,"They are totally controlled by the money, and that’s not good for our country"
759,trump,"I took a deep breath and I went down and I talked about lots of things, including illegal immigration"
760,trump,"I said, ""The people of Iowa can’t be that stupid or the people of the country can’t – """
761,trump,"You know, Hillary wanted to approve it but she’s been dragged so far left, that’s she’s – forget it"
762,trump,"If I told Carl, Carl, watch over China trade, we’re going to be in great shape"
763,trump,So I was watching upstairs and it was really amazing to be watching what I was watching
764,trump,I had a big lobbyist asked me to have – he wanted to give me $5 million for my campaign
765,trump,What do you think they're going to say oh we won't bring that up this time
766,trump,"But if I get in there, it’s going to change, and it’s going to change quickly"
767,trump,"I think that agreement is a disaster for this country, for Israel, for the Middle East"
768,trump,"And we’re getting rid of carried interest, which is something that a lot of rich hedge fund guys love"
769,trump,"But then America changed its policy from promoting development in America, to promoting development in other nations"
770,trump,"The guy got a beautiful house, got a big lawn, put up a tent"
771,trump,"WE HAVE SOME OF THE GREATEST NEGOTIATORS, MAYBE THE GREATEST IN THE WORLD AND WE DON'T USE THEM"
772,trump,"""And the number that they talk about when they say 5% unemployment – it’s a fictitious number"
773,trump,"You may not want anymore…And everyone stood up and said ""No, no, no, we want to keep winning"
774,trump,I was going to give it to three companies or three groups and we couldn’t vet them quickly
775,trump,"They said, ""How are you going to get them to pay?""I said, ""It’s so easy"
776,trump,I must say this tremendous run that we’ve had started with New York when we had almost 62%
777,trump,It’s not like something where they don’t get – like there’s big disputes and we understand that
778,trump,"By the way, the Sheriff is here and he’s a great guy and his people are fantastic"
779,trump,TRUMP: Immigration from Afghanistan into the United States has increased nearly five fold — five fold in just one year
780,trump,"And I have people that come from far — they are all here legally, don’t worry about it"
781,trump,"I remember when he was on the campaign trail, I was so nice to him"
782,trump,"They’ll probably if they actually raised money for me, they’ll say ""What a horrible thing he just said"
783,trump,Every negative ad they see about me is paid for by lobbyists and special interests
784,trump,"""I mean, the one bad thing about our system, we have a system that got flaws"
785,trump,"Do you do that, Des Moines Register?But every time I have a Des Moines Register poll, I do poorly"
786,trump,"Take a look at what's happening with — you know, just the Veterans Administration hospitals"
787,trump,"Then, instead of taking charge that night, Hillary Clinton decided to go home and sleep"
788,trump,And I bought the Bonwit Teller store Fifth Avenue from 57th to 56th street surrounding Tiffany
789,trump,"Do I know how to build a wall? Do I know how to build infrastructure?You know, it's very interesting"
790,trump,"Trump,"" and she was telling other people, and I actually called her, and she said, ""You know, Mr"
791,trump,The Navy has shrunk from over 500 ships to 272 ships during this same period of time
792,trump,"And our jobs market, we’re going to have it rocket again, we’re going to make great trade deals"
793,trump,We need to tell the truth also about how radical Islam is coming to our shores
794,trump,"If you look at China, if you look at Japan – I was in Los Angeles a few weeks ago"
795,trump,An agreement imposed by the United Nations would be a total and complete disaster
796,trump,"But you have to hit back hard, and you can’t let them push you around"
797,trump,"For the people and real estate brokers, they take these massive percentages of the money they raise"
798,trump,"It was Bill Clinton who signed NAFTA in 1993, and Hillary Clinton who supported it"
799,trump,"When they call up, ""We’d like to speak to the donor that is negotiating it"
800,trump,"But today, there’s only one thing to discuss, the growing threat of terrorism inside of our borders"
801,trump,"Take a look – on me, he’s going to lose this state – I won in a landslide"
802,trump,President Obama watches helplessly as North Korea increases its aggression and expands further and further with its nuclear reach
803,trump,"Civil war, religious fanaticism, thousands of Americans and just killed be lives, lives, lives wasted"
804,trump,But they agree and they can’t get it doen because of gridlock and incompetent leadership
805,trump,"And Don went to _____, you were all over, right?He loves the rifle stuff"
806,trump,"I have great respect for China, but their leaders are too smart for our leaders"
807,trump,And one of the problems that we have is our currency right now is not competitive with other currencies
808,trump,But their leaders are killing us on the border and they’re killing us on trade
809,trump,"We spent $2 trillion, thousands of lives lost, wounded warriors who we all love all over the place"
810,trump,"This was Rubio that said, ""He has small hands and you know what that means"
811,trump,Because they’re not getting stuff out because everybody – Japan and China in particular – is devaluing their currency
812,trump,And I tell you that only for one reason – that’s the thinking we need in Washington
813,trump,"And I promise, if they turn negative, I’m not going to be talking about them"
814,trump,But those 50 soldiers because of that announcement have a target on their heart
815,trump,"A couple of people on the stage that I really respect, I’ve gotten to respect"
816,trump,"You’ve made that agreement, you have to stand by it and the world will be a better place"
817,trump,AND NOW WE RAISED $51 MILLION LAST MONTH AND WE STARTED TOWARD THE MIDDLE OF THE MONTH
818,trump,"And my whole life, you know, I’ve said this before, my whole life as a business person is this"
819,trump,"I mean, actually violated many, many laws, not just like a little one here"
820,trump,You have people who can’t get their money back into the country because the politicians can’t get along
821,trump,"This is a direct affront to our Founding Fathers, who wanted America to be strong, independent and free"
822,trump,"For years, they watched on the sidelines as our jobs vanished and our communities were plunged into depression-level unemployment"
823,trump,"So it really does – and more than anything else, it’s also speaking to other veterans"
824,trump,Remember this – they have total control over Jeb and Hillary and everybody else that takes that money
825,trump,"Secondly, our allies are not paying their fair share, and I’ve been talking about this recently a lot"
826,trump,The country is going to go to hell but we won’t talk of that
827,trump,Our active duty armed forces have shrunk from 2 million in 1991 to about 1
828,trump,"Right? Because I can’t be so nice and say ""We can all do a wonderful job"""
829,trump,"Under a Trump Presidency, the American worker will finally have a President who will protect them and fight for them"
830,trump,"""Although I must tell you many of the Democrats that I speak to because I’m friendly with all of them"
831,trump,NAFTA was a disaster for Wisconsin and it was a disaster for our country
832,trump,"I’ll tell you what in terms of income inequality, we’re going to create a lot of jobs"
833,trump,It’s a strike at the heart and soul of who we are as a nation
834,trump,"But it sort of tells me when I first said this people would say, ""Oh, it will cost a lot"
835,trump,"No matter what is going on in your life, you have got to out and vote"
836,trump,And you have athletes – very few – but there are some people that have a certain ability
837,trump,"But the Rasmussen poll came out yesterday and in that poll, I’m now leading Hillary Clinton"
838,trump,"And you know why? Because I’m so excited, because we have so much potential"
839,trump,"Not only are they killing us at the border, but they are killing us on trade"
840,trump,"Somebody used their cell phone and they were telling them, ""You’re out of work"
841,trump,The last thing we need is Hillary Clinton in the White House or an extension of the Obama disaster
842,trump,SHE USES THE WORD TEMPERAMENT BUT I LOVE WHEN SHE USES THE WORD TONE
843,trump,"Deductibles are so high that unless you’re close to death, you’ll never going to get to use"
844,trump,I’ve built an extraordinary business on relationships and deals that benefit all parties involved – always
845,trump,They’re getting a deal that’s going to go right into nuclear weapons much sooner than you think
846,trump,But she’s going to beat him and you still have one more of these guys
847,trump,’ Now she stroke his pretty skin and then she kissed him and held him tight
848,trump,"I mean, you looked at Bush, it took him five days to answer the question on Iraq"
849,trump,"You know, I said bomb the oil, right? I’ve been saying that for three years"
850,trump,"President Obama thinks that applying pressure to Israel will force the issue, but it’s precisely the opposite that happened"
851,trump,"We can’t let the Syrians come in that we have no idea who they are, where they’re coming from"
852,trump,We’re going to bring our jobs back from all these places overseas that have stolen our jobs
853,trump,"I’m trying to be — you know, I’m just hoping they’re just stupid people, OK?Which they are"
854,trump,"I mean, even this with all the people still trying to come into this building"
855,trump,"""And then they’d come in, ""Sir, your poll number went up 9 points this week"
856,trump,See this ceiling? This ceiling is peanuts compared to the height of the wall I’m talking about
857,trump,I think he’s a very low energy person and I don’t think that’s what the country needs
858,trump,"No, no, wouldn’t it be nice?I mean, they want me to refute his statement"
859,trump,"So many people dead, so many people gravely injured, so much carnage, such a disgrace"
860,trump,And they have the right to do whatever they want from an enterprise standpoint
861,trump,"And she knows that we’re going to take care of our people, and it’s going to be America first"
862,trump,"They have put political correctness above common sense, above your safety, and above all else"
863,trump,500 to 600 calls and emails and everything from our ambassador asking for help and she didn’t respond
864,trump,"I mean, when he just realizes, I mean he just realized that the Iran deal is a bad deal"
865,trump,They’re being hit by the lobbyists and the special interests and they make a fortune
866,trump,They probably have the United States giving subsidies to move out of the country
867,trump,"I said what’s he doing on television? And he’s saying ""Well, ISIS is very tough"
868,trump,"In other words, like I say that, you applaud, I start talking you finish your Applause"
869,trump,They’d call and these vet groups they don’t get a lot of calls from the press
870,trump,I hear he’s going to spend a lot of money on negative ads on me
871,trump,"Last week, I read 2,300 Humvees — these are big vehicles — were left behind for the enemy"
872,trump,"You know why? Because she was deposed, she was such a bad witness that we’d win the case easily"
873,trump,""" He said, ""Even if you don’t win, what you’ve done is incredible; you’ve totally changed the landscape of politics"
874,trump,You had a – what was that all about? I turned on the game
875,trump,AND MUCH OF THAT MONEY CAME IN SMALL DONATIONS LIKE $71 AVERAGE OR SOMETHING LIKE THAT
876,trump,"And when I see great friends of mine who are very, very pro-Israel, very – I mean, they love Israel"
877,trump,""" It’s interesting because it will go right through because everywhere else is so great"
878,trump,"IT DOESN'T SAY, SUBJECT TO CHANGE, SUBJECT TO THE WEATHER, SUBJECT TO THE SUN DOESN'T COME UP"
879,trump,And I just want to say we’re going to go forward and we’re going to win
880,trump,"He’s got to be for oil, right? The oil companies give him a lot of money"
881,trump,"And, you know, we are not really bombing it, because they are still selling it"
882,trump,"When you live in a society where the firefighters are the hero’s, little kids want to be firefighters"
883,trump,I have hundreds and hundreds and even thousands of workers are Hispanics who I’m doing great with
884,trump,And so I understand how Ted feels and Heidi and their whole beautiful family
885,trump,STARTED BY A MANIAC THAT SOME PEOPLE ASKED FOR A MOMENT OF SILENCE FOR HIM
886,trump,"I would think that when you take a look at it, you would find that"
887,trump,And as you know Liberty University—do we love Liberty University? Huh? Jerry Falwell Jr
888,trump,"Some of those friends are, you know, sort of an interesting friend going on there"
889,trump,"You know, I saw the other day on television, there were like 56,000 negative ads on me"
890,trump,"But when I’m president, Merry Christmas, Happy Holidays, enjoy yourselves, don’t eat too much turkey"
891,trump,"I’ve been with Israel so long in terms of, I’ve received some of my greatest honors from Israel"
892,trump,We want the world to be — we want to bring peace to the world
893,trump,"You know whether it's China, South Korea, but in this case televisions, South Korea"
894,trump,"And very importantly, they have trillions, for companies, trillions of dollars outside of this country"
895,trump,"I’ll just tell you, watch – ""Trump disappears!""I think we’re going to do so well"
896,trump,"But wouldn’t it be great if they could make a deal? But a lasting deal, a real deal"
897,trump,"…By the way, Israel has given a lot…And a lot of people don’t know that"
898,trump,Marco Rubio’s personal finances are discredit…All you have to do is look at his credit card
899,trump,"I want to express our unyielding support for the people of France, and we mourn their loss as a nation"
900,trump,We should work together with any nation in the region that is threatened by the rise of radical Islam
901,trump,So what happened essentially is I started looking and all of a sudden things changed
902,trump,There won’t be — you won’t have any money left to be — you’ll be paying it in taxes
903,trump,And Justice Roberts basically approved Obamacare in a shocking decision that nobody believes
904,trump,"They said oh, ""We thought so but we didn’t want to use racial profiling"
905,trump,"He came up with the heads of NBC six months ago and they said, ""Donald, we’re renewing The Apprentice"
906,trump,"As far as Jeb is concerned, I watched him this morning on television and it’s a little bit sad"
907,trump,I have thousands of people that work for me right now that are Hispanic
908,trump,Mike Pence will never be afraid to speak the name of our enemy: Radical Islam
909,trump,It would make it easier for our trading competitors to ship cheap subsidized goods into U
910,trump,And believe me there are plans that are so much better for everybody
911,trump,I toss and turn thinking about how I’m going to make the best deal for you folks
912,trump,"And by the way, speaking of that, you know, I was against going into Iraq"
913,trump,It is a strike at the heart and soul of who we are as a nation
914,trump,So what happened with Walker and I just will finish off with this – he’s a nice man
915,trump,These guys – when these guys give money to politicians to a large extent they own those politicians
916,trump,But the big thing – I lost certain businesses and I owned the Miss Universe Pageant
917,trump,Remember the heat I took with illegal immigration? Remember that heat? For two weeks
918,trump,"But one of the polls came out because in South Carolina and North Carolina, I’m leading really big"
919,trump,"And I won New Hampshire, and I wasn’t expected to win it; Jeb was expected to win it"
920,trump,I go to Florida and look at the numbers that just came out in Florida
921,trump,"I then answered questions and then I went around, you know, everybody knew it was false"
922,trump,I said I’ll do it and if it costs more than $2 million I’ll pay for it
923,trump,"We allowed foreign countries to subsidize their goods, devalue their currencies, violate their agreements, and cheat in every way imaginable"
924,trump,My foreign policy will always put the interests of the American people and American security above all else
925,trump,It was so important to Ivanka to insist on being here so thank you
926,trump,But the election that I’m watching is the election for the presidency of the United States
927,trump,"No matter where we go -- I went to Mobile, Alabama -- 35,000 people"
928,trump,"But its repeated itself over and over again, and has done nothing to embolden those who hate America"
929,trump,"I mean, I can tell you that within a very, very short period of time, things will straighten out"
930,trump,"""And I filed the financials and they saw an unbelievable – you didn’t hear a thing about it"
931,trump,There are third world countries that are ranked better than us in education and many other things
932,trump,"They are going to come in, but they are going to come through a legal process"
933,trump,"Now, you have to open up things, press a computer, takes you 15 minutes"
934,trump,"She said, ""Do you mind? I wrote something – coming out, I wrote something"
935,trump,"So, one of the reasons it couldn’t get built is because they couldn’t get an approved environmental impact study"
936,trump,I don’t know if you saw – I guess a lot of you have seen actually next week in Nevada
937,trump,Perhaps an incident without precedent in the long and prestigious history of Air Force One
938,trump,"America is getting taken apart piece by piece, auctioned off, and just rapidly auctioned off to the highest bidder"
939,trump,"He said — he said, ""What you’ve done has never been done before in the history of this country"
940,trump,"We need to know what the killer discussed with his relatives, parents, friends and associates"
941,trump,"Wouldn’t it be nice if our country could have that same thing? You attack and they’re, boom, gone"
942,trump,And it will be strong and powerful and as beautiful as a wall is going to look
943,trump,"""And he said – I think this is the word – ""He’s a man of great achievement"
944,trump,"And you know, one group that’s been so incredible to me are the vets – the veterans"
945,trump,"Maybe we wouldn’t be here if it wasn’t for them, to be honest with you"
946,trump,We will no longer surrender this country or its people to the false song of globalism
947,trump,"If it’s not a great deal for our country, we will not sign it"
948,trump,"And we had another one in the morning, and it’s been an amazing day, and some phenomenal results"
949,trump,And most of the people that took those courses have letters saying they thought it was great essentially
950,trump,"So Mexico takes a company, a car company that was going to build in Tennessee, rips it out"
951,trump,"ISIS would have been eradicated unlike what is happening now with our all talk, no action politicians"
952,trump,"The countries we are defending must pay for the cost of this defense, and if not, the U"
953,trump,Businesses do not succeed when they lose sight of their core interests and neither do countries
954,trump,Then he goes and has a news conference and I think he’s going to apologize and he doubles down
955,trump,I want you to imagine how much better your life can be if we start believing in America again
956,trump,"Last quarter, it was just announced our gross domestic product — a sign of strength, right? But not for us"
957,trump,"And we will come up with something that will be so good, so much better"
958,trump,They look at the United States as weak and forgiving and feel no obligation to honor their agreements with us
959,trump,I got that through China through a very complex set of transactions but through China
960,trump,"And that’s going to continue because they’re not going to be able to do it, folks"
961,trump,And this is something that’s so special and so amazing and it’s on the cover of time magazine
962,trump,And yet that’s the kind of mindset that you need to make this country great again
963,trump,So I said we’re going to do this and I had no idea it was going to work this way
964,trump,I will do the right thing--I want to straighten things out and to Make America Great Again
965,trump,That is why our new goal must be to defeat Islamic terrorism not nation building
966,trump,"And just, you know, he’s a Mexican-American, and you because of your efforts have sent him to college"
967,trump,I don’t like the fact that there are 11 people now as I understand it
968,trump,"If we want to remain a free and open society, then we have to control our borders"
969,trump,And you’re going to get the greatest service of any veterans in any country because you deserve it
970,trump,"Trade Representative to bring trade cases against China, both in this country and at the WTO"
971,trump,It’s got to be beautiful because someday they’re going to name it the Trump Wall
972,trump,"A pause for reassessment will help us to prevent the next San Bernardino or frankly, much worse"
973,trump,"And it’s tremendous, tremendous amounts of money were spent – millions and millions of dollars"
974,trump,You talk about corporate inversions and all of the things that have been going on
975,trump,"And I called my people and I said, ""How can we win? It’s just constantly"
976,trump,But I say oh if I put a tax on these characters – these idiots
977,trump,"Now, perhaps – perhaps – somebody, you know, we have to have a fair Justice Department and perhaps"
978,trump,BECAUSE THE ONLY TIME THEY MOVE THE CAMERAS ARE WHEN WE HAVE A PROTEST
979,trump,And now we’re going to Nebraska where I have – I just hear we’re doing really wonderfully
980,trump,"Last night in Dallas at the American Airlines Center, 20,000 people – the basketball arena of the Mavericks"
981,trump,"I could have told him that six months ago, nine months ago, long before it was signed"
982,trump,"You know, they’re very much into the trade world and I’m the best on trade"
983,trump,And we’re going to meet and we are going to have something that’s going to be really fabulous
984,trump,He does it to let people come in and nobody does anything about executive orders
985,trump,"He’s always got advice, right Steve? ""Donald I think you should do this and that"
986,trump,The other big poll that came out just two days ago was the national poll
987,trump,"""No, we are making so much progress and it’s been so inspiring to see the people"
988,trump,"We’re going to help, but they have to appreciate what we’ve done for them"
989,trump,"And you almost think — I’m not saying that, and I’m not a conspiracy person"
990,trump,Right? And you add them up – and I’m over here with a lot
991,trump,"So whether it’s a matter of national security, or financial security, we can’t afford to keep on going like this"
992,trump,I’ve gotten to know Al a little bit primarily through New Hampshire where we had great victories
993,trump,I want to thank Barron for putting up with the fact that I never see him anymore
994,trump,We’ll get it done but let somebody else pay for it for a change
995,trump,I would like to ask now that we all observe a moment of silence for the victims of the attack
996,trump,"If I don’t give the answer, I’m not going to win because they write so incredibly negatively"
997,trump,"But after what you said about me how can you possibly join our team?"" And he said, ""Mr"
998,trump,"We wanted to get it out really, really quickly so that it pertain to what’s going on right now"
999,trump,"And I will say this, this is going to be an election, in my opinion, that’s based on competence"
